movieId,avg_rating,num_ratings
318,4.833333333333333,3
98154,4.75,4
2571,4.666666666666667,3
56367,4.666666666666667,3
122886,4.666666666666667,3
3147,4.5,4
7361,4.5,3
3255,4.333333333333333,3
6874,4.166666666666667,3
4022,4.125,4
3578,4.0,4
4886,4.0,3
196997,3.875,4
7451,3.8333333333333335,3
8636,3.8333333333333335,3
63082,3.8333333333333335,3
4447,3.6666666666666665,3
85414,3.6666666666666665,3
134130,3.5,3
4896,3.0,3
5816,3.0,3
