movieId,avg_rating,num_ratings
187541,4.666666666666667,3
1200,4.5,3
58559,4.166666666666667,3
104841,4.0,3
1198,3.1666666666666665,3
83134,2.8333333333333335,3
68954,2.3333333333333335,3
