movieId,avg_rating,num_ratings
2959,4.5,4
1682,4.166666666666667,3
58559,4.0,4
99114,4.0,3
122912,3.75,4
2028,3.6666666666666665,3
68157,3.6666666666666665,3
140956,3.3333333333333335,3
5816,3.25,6
3793,3.1666666666666665,3
143347,3.125,4
