movieId,avg_rating,num_ratings
3793,3.875,4
122904,3.8333333333333335,3
139385,3.6666666666666665,3
187541,3.375,4
33794,3.1666666666666665,3
4306,2.0,3
