movieId,avg_rating,num_ratings
109374,4.666666666666667,3
168250,4.666666666666667,3
4306,4.333333333333333,3
112556,4.0,3
134130,4.0,3
4878,3.8333333333333335,3
5952,3.75,4
58559,3.6666666666666665,3
63082,3.6666666666666665,3
47099,3.25,4
8961,3.1666666666666665,3
