movieId,avg_rating,num_ratings
68157,4.333333333333333,3
58559,3.8333333333333335,3
187541,3.8333333333333335,3
187593,3.8333333333333335,3
122912,3.625,4
109487,3.125,4
122906,3.0,3
8961,2.8333333333333335,3
