movieId,avg_rating,num_ratings
2571,4.333333333333333,3
50,4.166666666666667,3
7438,3.9,5
589,3.0,3
